-- phpMyAdmin SQL Dump
-- version 5.2.1
-- https://www.phpmyadmin.net/
--
-- Host: 127.0.0.1
-- Waktu pembuatan: 03 Des 2025 pada 08.44
-- Versi server: 10.4.32-MariaDB
-- Versi PHP: 8.2.12

SET SQL_MODE = "NO_AUTO_VALUE_ON_ZERO";
START TRANSACTION;
SET time_zone = "+00:00";


/*!40101 SET @OLD_CHARACTER_SET_CLIENT=@@CHARACTER_SET_CLIENT */;
/*!40101 SET @OLD_CHARACTER_SET_RESULTS=@@CHARACTER_SET_RESULTS */;
/*!40101 SET @OLD_COLLATION_CONNECTION=@@COLLATION_CONNECTION */;
/*!40101 SET NAMES utf8mb4 */;

--
-- Database: `db_mapping_telepon`
--

-- --------------------------------------------------------

--
-- Struktur dari tabel `riwayat_perbaikan`
--

CREATE TABLE `riwayat_perbaikan` (
  `id` int(11) NOT NULL,
  `id_tb` int(11) NOT NULL,
  `tanggal` date NOT NULL COMMENT 'Tanggal perbaikan',
  `keterangan` text NOT NULL COMMENT 'Deskripsi perbaikan',
  `teknisi` varchar(100) DEFAULT NULL COMMENT 'Nama teknisi',
  `created_at` timestamp NOT NULL DEFAULT current_timestamp() COMMENT 'Waktu data dimasukkan'
) ENGINE=InnoDB DEFAULT CHARSET=utf8mb4 COLLATE=utf8mb4_general_ci;

--
-- Dumping data untuk tabel `riwayat_perbaikan`
--

INSERT INTO `riwayat_perbaikan` (`id`, `id_tb`, `tanggal`, `keterangan`, `teknisi`, `created_at`) VALUES
(1, 2, '2025-10-23', 'test riwayat 1', '-', '2025-10-23 06:51:55'),
(2, 2, '2025-10-23', 'tyty', 'tyty', '2025-10-23 06:52:18'),
(3, 3, '2025-10-23', 'hj', 'jhjkkhjkhk', '2025-10-23 07:05:01'),
(4, 2, '2025-10-27', 'wwww', 'www', '2025-10-27 02:31:48'),
(5, 4, '2025-11-24', 'adad perbaikan di nomor 9', 'suwarni, ngah', '2025-11-24 03:58:35');

-- --------------------------------------------------------

--
-- Struktur dari tabel `tb_modules`
--

CREATE TABLE `tb_modules` (
  `id` int(11) NOT NULL,
  `id_tb` int(11) NOT NULL,
  `nama_modul` varchar(50) NOT NULL DEFAULT 'Modul 1',
  `created_at` timestamp NOT NULL DEFAULT current_timestamp()
) ENGINE=InnoDB DEFAULT CHARSET=utf8mb4 COLLATE=utf8mb4_general_ci;

--
-- Dumping data untuk tabel `tb_modules`
--

INSERT INTO `tb_modules` (`id`, `id_tb`, `nama_modul`, `created_at`) VALUES
(1, 6, 'Modul 1', '2025-11-28 00:37:12'),
(132, 4, 'Frame 1 - Modul 1', '2025-12-03 02:35:03'),
(133, 4, 'Frame 1 - Modul 2', '2025-12-03 02:35:03'),
(134, 4, 'Frame 1 - Modul 3', '2025-12-03 02:35:03'),
(135, 4, 'Frame 1 - Modul 4', '2025-12-03 02:35:03'),
(136, 4, 'Frame 1 - Modul 5', '2025-12-03 02:35:03'),
(137, 4, 'Frame 2 - Modul 1', '2025-12-03 02:35:03'),
(138, 4, 'Frame 2 - Modul 2', '2025-12-03 02:35:03'),
(139, 4, 'Frame 2 - Modul 3', '2025-12-03 02:35:03'),
(140, 4, 'Frame 2 - Modul 4', '2025-12-03 02:35:03'),
(141, 4, 'Frame 2 - Modul 5', '2025-12-03 02:35:03'),
(142, 4, 'Frame 2 - Modul 6', '2025-12-03 02:35:03'),
(143, 4, 'Frame 3 - Modul 1', '2025-12-03 02:35:03'),
(144, 4, 'Frame 3 - Modul 2', '2025-12-03 02:35:03'),
(145, 4, 'Frame 3 - Modul 3', '2025-12-03 02:35:03'),
(146, 4, 'Frame 3 - Modul 4', '2025-12-03 02:35:03'),
(147, 4, 'Frame 3 - Modul 5', '2025-12-03 02:35:03'),
(148, 4, 'Frame 3 - Modul 6', '2025-12-03 02:35:03'),
(149, 4, 'Frame 3 - Modul 7', '2025-12-03 02:35:03'),
(150, 4, 'Frame 4 - Modul 1', '2025-12-03 02:35:03'),
(151, 4, 'Frame 4 - Modul 2', '2025-12-03 02:35:03'),
(152, 4, 'Frame 4 - Modul 3', '2025-12-03 02:35:03'),
(153, 4, 'Frame 4 - Modul 4', '2025-12-03 02:35:03'),
(154, 4, 'Frame 4 - Modul 5', '2025-12-03 02:35:03'),
(155, 4, 'Frame 4 - Modul 6', '2025-12-03 02:35:03'),
(156, 4, 'Frame 4 - Modul 7', '2025-12-03 02:35:03'),
(157, 4, 'Frame 4 - Modul 8', '2025-12-03 02:35:03'),
(158, 4, 'Frame 4 - Modul 9', '2025-12-03 02:35:03'),
(159, 4, 'Frame 5 - Modul 1', '2025-12-03 02:35:03'),
(160, 4, 'Frame 5 - Modul 2', '2025-12-03 02:35:03'),
(161, 4, 'Frame 5 - Modul 3', '2025-12-03 02:35:03'),
(162, 4, 'Frame 5 - Modul 4', '2025-12-03 02:35:03'),
(163, 4, 'Frame 5 - Modul 5', '2025-12-03 02:35:03'),
(164, 4, 'Frame 5 - Modul 6', '2025-12-03 02:35:03'),
(165, 4, 'Frame 5 - Modul 7', '2025-12-03 02:35:03'),
(166, 4, 'Frame 5 - Modul 8', '2025-12-03 02:35:03'),
(167, 4, 'Frame 6 - Modul 1', '2025-12-03 02:35:03'),
(168, 4, 'Frame 6 - Modul 2', '2025-12-03 02:35:03'),
(169, 4, 'Frame 6 - Modul 3', '2025-12-03 02:35:03'),
(170, 4, 'Frame 6 - Modul 4', '2025-12-03 02:35:03'),
(171, 4, 'Frame 6 - Modul 5', '2025-12-03 02:35:03'),
(172, 4, 'Frame 6 - Modul 6', '2025-12-03 02:35:03'),
(173, 4, 'Frame 6 - Modul 7', '2025-12-03 02:35:03'),
(174, 4, 'Frame 6 - Modul 8', '2025-12-03 02:35:03'),
(175, 4, 'Frame 7 - Modul 1', '2025-12-03 02:35:03'),
(176, 4, 'Frame 7 - Modul 2', '2025-12-03 02:35:03'),
(177, 4, 'Frame 7 - Modul 3', '2025-12-03 02:35:03'),
(178, 4, 'Frame 7 - Modul 4', '2025-12-03 02:35:03'),
(179, 4, 'Frame 7 - Modul 5', '2025-12-03 02:35:03'),
(180, 4, 'Frame 7 - Modul 6', '2025-12-03 02:35:03'),
(181, 4, 'Frame 7 - Modul 7', '2025-12-03 02:35:03'),
(182, 4, 'Frame 8 - Modul 1', '2025-12-03 02:35:03'),
(183, 4, 'Frame 8 - Modul 2', '2025-12-03 02:35:03'),
(184, 4, 'Frame 8 - Modul 3', '2025-12-03 02:35:03'),
(185, 2, 'Frame 1 - Modul 1', '2025-12-03 02:37:36'),
(186, 2, 'Frame 1 - Modul 2', '2025-12-03 02:37:36'),
(187, 2, 'Frame 1 - Modul 3', '2025-12-03 02:37:36'),
(188, 2, 'Frame 2 - Modul 1', '2025-12-03 02:37:36'),
(189, 2, 'Frame 2 - Modul 2', '2025-12-03 02:37:36');

-- --------------------------------------------------------

--
-- Struktur dari tabel `tb_module_pairs`
--

CREATE TABLE `tb_module_pairs` (
  `id` int(11) NOT NULL,
  `id_modul` int(11) NOT NULL,
  `pair_index` int(2) NOT NULL COMMENT 'Nomor urut 0-9',
  `label_in` varchar(50) DEFAULT NULL COMMENT 'Data kabel masuk',
  `label_out` varchar(50) DEFAULT NULL COMMENT 'Data kabel keluar',
  `status` enum('good','bad') NOT NULL DEFAULT 'good' COMMENT 'Status pasangan kabel'
) ENGINE=InnoDB DEFAULT CHARSET=utf8mb4 COLLATE=utf8mb4_general_ci;

--
-- Dumping data untuk tabel `tb_module_pairs`
--

INSERT INTO `tb_module_pairs` (`id`, `id_modul`, `pair_index`, `label_in`, `label_out`, `status`) VALUES
(1, 1, 0, '', '', 'good'),
(2, 1, 1, '4433', '', 'good'),
(3, 1, 2, '', '', 'good'),
(4, 1, 3, '', '', 'good'),
(5, 1, 4, '', '', 'good'),
(6, 1, 5, '', '', 'good'),
(7, 1, 6, '', '', 'good'),
(8, 1, 7, '', '', 'good'),
(9, 1, 8, '', '', 'good'),
(10, 1, 9, '', '', 'good'),
(1311, 132, 0, '', '', 'good'),
(1312, 132, 1, '', '', 'good'),
(1313, 132, 2, '', '', 'good'),
(1314, 132, 3, '', '', 'good'),
(1315, 132, 4, '', '', 'good'),
(1316, 132, 5, '', '', 'good'),
(1317, 132, 6, '', '', 'good'),
(1318, 132, 7, '', '', 'good'),
(1319, 132, 8, '', '', 'good'),
(1320, 132, 9, '', '', 'good'),
(1321, 133, 0, '', '', 'good'),
(1322, 133, 1, '', '', 'good'),
(1323, 133, 2, '', '', 'good'),
(1324, 133, 3, '', '', 'good'),
(1325, 133, 4, '', '', 'good'),
(1326, 133, 5, '', '', 'good'),
(1327, 133, 6, '', '', 'good'),
(1328, 133, 7, '', '', 'good'),
(1329, 133, 8, '', '', 'good'),
(1330, 133, 9, '', '', 'good'),
(1331, 134, 0, '', '', 'good'),
(1332, 134, 1, '', '', 'good'),
(1333, 134, 2, '', '', 'good'),
(1334, 134, 3, '', '', 'good'),
(1335, 134, 4, '', '', 'good'),
(1336, 134, 5, '', '', 'good'),
(1337, 134, 6, '', '', 'good'),
(1338, 134, 7, '', '', 'good'),
(1339, 134, 8, '', '', 'good'),
(1340, 134, 9, '', '', 'good'),
(1341, 135, 0, '', '', 'good'),
(1342, 135, 1, '', '', 'good'),
(1343, 135, 2, '', '', 'good'),
(1344, 135, 3, '', '', 'good'),
(1345, 135, 4, '', '', 'good'),
(1346, 135, 5, '', '', 'good'),
(1347, 135, 6, '', '', 'good'),
(1348, 135, 7, '', '', 'good'),
(1349, 135, 8, '', '', 'good'),
(1350, 135, 9, '', '', 'good'),
(1351, 136, 0, '', '', 'good'),
(1352, 136, 1, '', '', 'good'),
(1353, 136, 2, '', '', 'good'),
(1354, 136, 3, '', '', 'good'),
(1355, 136, 4, '', '', 'good'),
(1356, 136, 5, '', '', 'good'),
(1357, 136, 6, '', '', 'good'),
(1358, 136, 7, '', '', 'good'),
(1359, 136, 8, '', '', 'good'),
(1360, 136, 9, '', '', 'good'),
(1361, 137, 0, '', '', 'good'),
(1362, 137, 1, '', '', 'good'),
(1363, 137, 2, '', '', 'good'),
(1364, 137, 3, '', '', 'good'),
(1365, 137, 4, '', '', 'good'),
(1366, 137, 5, '', '', 'good'),
(1367, 137, 6, '', '', 'good'),
(1368, 137, 7, '', '', 'good'),
(1369, 137, 8, '', '', 'good'),
(1370, 137, 9, '', '', 'good'),
(1371, 138, 0, '', '', 'good'),
(1372, 138, 1, '', '', 'good'),
(1373, 138, 2, '', '', 'good'),
(1374, 138, 3, '', '', 'good'),
(1375, 138, 4, '', '', 'good'),
(1376, 138, 5, '', '', 'good'),
(1377, 138, 6, '', '', 'good'),
(1378, 138, 7, '', '', 'good'),
(1379, 138, 8, '', '', 'good'),
(1380, 138, 9, '', '', 'good'),
(1381, 139, 0, '', '', 'good'),
(1382, 139, 1, '', '', 'good'),
(1383, 139, 2, '', '', 'good'),
(1384, 139, 3, '', '', 'good'),
(1385, 139, 4, '', '', 'good'),
(1386, 139, 5, '', '', 'good'),
(1387, 139, 6, '', '', 'good'),
(1388, 139, 7, '', '', 'good'),
(1389, 139, 8, '', '', 'good'),
(1390, 139, 9, '', '', 'good'),
(1391, 140, 0, '', '', 'good'),
(1392, 140, 1, '', '', 'good'),
(1393, 140, 2, '', '', 'good'),
(1394, 140, 3, '', '', 'good'),
(1395, 140, 4, '', '', 'good'),
(1396, 140, 5, '', '', 'good'),
(1397, 140, 6, '', '', 'good'),
(1398, 140, 7, '', '', 'good'),
(1399, 140, 8, '', '', 'good'),
(1400, 140, 9, '', '', 'good'),
(1401, 141, 0, '', '', 'good'),
(1402, 141, 1, '', '', 'good'),
(1403, 141, 2, '', '', 'good'),
(1404, 141, 3, '', '', 'good'),
(1405, 141, 4, '', '', 'good'),
(1406, 141, 5, '', '', 'good'),
(1407, 141, 6, '', '', 'good'),
(1408, 141, 7, '', '', 'good'),
(1409, 141, 8, '', '', 'good'),
(1410, 141, 9, '', '', 'good'),
(1411, 142, 0, '', '', 'good'),
(1412, 142, 1, '', '', 'good'),
(1413, 142, 2, '', '', 'good'),
(1414, 142, 3, '', '', 'good'),
(1415, 142, 4, '', '', 'good'),
(1416, 142, 5, '', '', 'good'),
(1417, 142, 6, '', '', 'good'),
(1418, 142, 7, '', '', 'good'),
(1419, 142, 8, '', '', 'good'),
(1420, 142, 9, '', '', 'good'),
(1421, 143, 0, '', '', 'good'),
(1422, 143, 1, '', '', 'good'),
(1423, 143, 2, '', '', 'good'),
(1424, 143, 3, '', '', 'good'),
(1425, 143, 4, '', '', 'good'),
(1426, 143, 5, '', '', 'bad'),
(1427, 143, 6, '', '', 'good'),
(1428, 143, 7, '', '', 'good'),
(1429, 143, 8, '', '', 'good'),
(1430, 143, 9, '', '', 'good'),
(1431, 144, 0, '', '', 'good'),
(1432, 144, 1, '', '', 'good'),
(1433, 144, 2, '', '', 'good'),
(1434, 144, 3, '', '', 'good'),
(1435, 144, 4, '', '', 'good'),
(1436, 144, 5, '', '', 'good'),
(1437, 144, 6, '', '', 'good'),
(1438, 144, 7, '', '', 'good'),
(1439, 144, 8, '', '', 'good'),
(1440, 144, 9, '', '', 'good'),
(1441, 145, 0, '', '', 'good'),
(1442, 145, 1, '', '', 'good'),
(1443, 145, 2, '', '', 'good'),
(1444, 145, 3, '', '', 'good'),
(1445, 145, 4, '', '', 'good'),
(1446, 145, 5, '', '', 'good'),
(1447, 145, 6, '', '', 'good'),
(1448, 145, 7, '', '', 'good'),
(1449, 145, 8, '', '', 'good'),
(1450, 145, 9, '', '', 'good'),
(1451, 146, 0, '', '', 'good'),
(1452, 146, 1, '', '', 'good'),
(1453, 146, 2, '', '', 'good'),
(1454, 146, 3, '', '', 'good'),
(1455, 146, 4, '', '', 'good'),
(1456, 146, 5, '', '', 'good'),
(1457, 146, 6, '', '', 'good'),
(1458, 146, 7, '', '', 'good'),
(1459, 146, 8, '', '', 'good'),
(1460, 146, 9, '', '', 'good'),
(1461, 147, 0, '', '', 'good'),
(1462, 147, 1, '', '', 'good'),
(1463, 147, 2, '', '', 'good'),
(1464, 147, 3, '', '', 'good'),
(1465, 147, 4, '', '', 'good'),
(1466, 147, 5, '', '', 'good'),
(1467, 147, 6, '', '', 'good'),
(1468, 147, 7, '', '', 'good'),
(1469, 147, 8, '', '', 'good'),
(1470, 147, 9, '', '', 'good'),
(1471, 148, 0, '', '', 'good'),
(1472, 148, 1, '', '', 'good'),
(1473, 148, 2, '', '', 'good'),
(1474, 148, 3, '', '', 'good'),
(1475, 148, 4, '', '', 'good'),
(1476, 148, 5, '', '', 'good'),
(1477, 148, 6, '', '', 'good'),
(1478, 148, 7, '', '', 'good'),
(1479, 148, 8, '', '', 'good'),
(1480, 148, 9, '', '', 'good'),
(1481, 149, 0, '', '', 'good'),
(1482, 149, 1, '', '', 'good'),
(1483, 149, 2, '', '', 'good'),
(1484, 149, 3, '', '', 'good'),
(1485, 149, 4, '', '', 'good'),
(1486, 149, 5, '', '', 'good'),
(1487, 149, 6, '', '', 'good'),
(1488, 149, 7, '', '', 'good'),
(1489, 149, 8, '', '', 'good'),
(1490, 149, 9, '', '', 'good'),
(1491, 150, 0, '', '', 'good'),
(1492, 150, 1, '', '', 'good'),
(1493, 150, 2, '', '', 'good'),
(1494, 150, 3, '', '', 'good'),
(1495, 150, 4, '', '', 'good'),
(1496, 150, 5, '', '', 'good'),
(1497, 150, 6, '', '', 'good'),
(1498, 150, 7, '', '', 'good'),
(1499, 150, 8, '', '', 'good'),
(1500, 150, 9, '', '', 'good'),
(1501, 151, 0, '', '', 'good'),
(1502, 151, 1, '', '', 'good'),
(1503, 151, 2, '', '', 'good'),
(1504, 151, 3, '', '', 'good'),
(1505, 151, 4, '', '', 'good'),
(1506, 151, 5, '', '', 'good'),
(1507, 151, 6, '', '', 'good'),
(1508, 151, 7, '', '', 'good'),
(1509, 151, 8, '', '', 'good'),
(1510, 151, 9, '', '', 'good'),
(1511, 152, 0, '', '', 'good'),
(1512, 152, 1, '', '', 'good'),
(1513, 152, 2, '', '', 'good'),
(1514, 152, 3, '', '', 'good'),
(1515, 152, 4, '', '', 'good'),
(1516, 152, 5, '', '', 'good'),
(1517, 152, 6, '', '', 'good'),
(1518, 152, 7, '', '', 'good'),
(1519, 152, 8, '', '', 'good'),
(1520, 152, 9, '', '', 'good'),
(1521, 153, 0, '', '', 'good'),
(1522, 153, 1, '', '', 'good'),
(1523, 153, 2, '', '', 'good'),
(1524, 153, 3, '', '', 'good'),
(1525, 153, 4, '', '', 'good'),
(1526, 153, 5, '', '', 'good'),
(1527, 153, 6, '', '', 'good'),
(1528, 153, 7, '', '', 'good'),
(1529, 153, 8, '', '', 'good'),
(1530, 153, 9, '', '', 'good'),
(1531, 154, 0, '', '', 'good'),
(1532, 154, 1, '', '', 'good'),
(1533, 154, 2, '', '', 'good'),
(1534, 154, 3, '', '', 'good'),
(1535, 154, 4, '', '', 'good'),
(1536, 154, 5, '', '', 'good'),
(1537, 154, 6, '', '', 'good'),
(1538, 154, 7, '', '', 'good'),
(1539, 154, 8, '', '', 'good'),
(1540, 154, 9, '', '', 'good'),
(1541, 155, 0, '', '', 'good'),
(1542, 155, 1, '', '', 'good'),
(1543, 155, 2, '', '', 'good'),
(1544, 155, 3, '', '', 'good'),
(1545, 155, 4, '', '', 'good'),
(1546, 155, 5, '', '', 'good'),
(1547, 155, 6, '', '', 'good'),
(1548, 155, 7, '', '', 'good'),
(1549, 155, 8, '', '', 'good'),
(1550, 155, 9, '', '', 'good'),
(1551, 156, 0, '', '', 'good'),
(1552, 156, 1, '', '', 'good'),
(1553, 156, 2, '', '', 'good'),
(1554, 156, 3, '', '', 'good'),
(1555, 156, 4, '', '', 'good'),
(1556, 156, 5, '', '', 'good'),
(1557, 156, 6, '', '', 'good'),
(1558, 156, 7, '', '', 'good'),
(1559, 156, 8, '', '', 'good'),
(1560, 156, 9, '', '', 'good'),
(1561, 157, 0, '', '', 'good'),
(1562, 157, 1, '', '', 'good'),
(1563, 157, 2, '', '', 'good'),
(1564, 157, 3, '', '', 'good'),
(1565, 157, 4, '', '', 'good'),
(1566, 157, 5, '', '', 'good'),
(1567, 157, 6, '', '', 'good'),
(1568, 157, 7, '', '', 'good'),
(1569, 157, 8, '', '', 'good'),
(1570, 157, 9, '', '', 'good'),
(1571, 158, 0, '', '', 'good'),
(1572, 158, 1, '', '', 'good'),
(1573, 158, 2, '', '', 'good'),
(1574, 158, 3, '', '', 'good'),
(1575, 158, 4, '', '', 'good'),
(1576, 158, 5, '', '', 'good'),
(1577, 158, 6, '', '', 'good'),
(1578, 158, 7, '', '', 'good'),
(1579, 158, 8, '', '', 'good'),
(1580, 158, 9, '', '', 'good'),
(1581, 159, 0, '', '', 'good'),
(1582, 159, 1, '', '', 'good'),
(1583, 159, 2, '4300', '', 'good'),
(1584, 159, 3, '', '', 'good'),
(1585, 159, 4, '', '', 'good'),
(1586, 159, 5, '', '', 'good'),
(1587, 159, 6, '', '', 'good'),
(1588, 159, 7, '', '', 'good'),
(1589, 159, 8, '', '', 'good'),
(1590, 159, 9, '', '', 'good'),
(1591, 160, 0, '', '', 'good'),
(1592, 160, 1, '', '', 'good'),
(1593, 160, 2, '', '', 'good'),
(1594, 160, 3, '', '', 'good'),
(1595, 160, 4, '', '', 'bad'),
(1596, 160, 5, '', '', 'good'),
(1597, 160, 6, '', '', 'good'),
(1598, 160, 7, '', '', 'good'),
(1599, 160, 8, '', '', 'good'),
(1600, 160, 9, '', '', 'good'),
(1601, 161, 0, '', '', 'good'),
(1602, 161, 1, '', '', 'good'),
(1603, 161, 2, '', '', 'good'),
(1604, 161, 3, '', '', 'good'),
(1605, 161, 4, '', '', 'good'),
(1606, 161, 5, '', '', 'good'),
(1607, 161, 6, '', '', 'good'),
(1608, 161, 7, '', '', 'good'),
(1609, 161, 8, '', '', 'good'),
(1610, 161, 9, '', '', 'good'),
(1611, 162, 0, '', '', 'good'),
(1612, 162, 1, '', '', 'good'),
(1613, 162, 2, '', '', 'good'),
(1614, 162, 3, '', '', 'good'),
(1615, 162, 4, '', '', 'good'),
(1616, 162, 5, '', '', 'good'),
(1617, 162, 6, '', '', 'good'),
(1618, 162, 7, '', '', 'good'),
(1619, 162, 8, '', '', 'good'),
(1620, 162, 9, '', '', 'good'),
(1621, 163, 0, '', '', 'good'),
(1622, 163, 1, '', '', 'good'),
(1623, 163, 2, '', '', 'good'),
(1624, 163, 3, '', '', 'good'),
(1625, 163, 4, '', '', 'good'),
(1626, 163, 5, '', '', 'good'),
(1627, 163, 6, '', '', 'good'),
(1628, 163, 7, '', '', 'good'),
(1629, 163, 8, '', '', 'good'),
(1630, 163, 9, '', '', 'good'),
(1631, 164, 0, '', '', 'good'),
(1632, 164, 1, '', '', 'good'),
(1633, 164, 2, '', '', 'good'),
(1634, 164, 3, '', '', 'good'),
(1635, 164, 4, '', '', 'good'),
(1636, 164, 5, '', '', 'good'),
(1637, 164, 6, '', '', 'good'),
(1638, 164, 7, '', '', 'good'),
(1639, 164, 8, '', '', 'good'),
(1640, 164, 9, '', '', 'good'),
(1641, 165, 0, '', '', 'good'),
(1642, 165, 1, '', '', 'good'),
(1643, 165, 2, '', '', 'good'),
(1644, 165, 3, '', '', 'good'),
(1645, 165, 4, '', '', 'good'),
(1646, 165, 5, '', '', 'good'),
(1647, 165, 6, '', '', 'good'),
(1648, 165, 7, '', '', 'good'),
(1649, 165, 8, '', '', 'good'),
(1650, 165, 9, '', '', 'good'),
(1651, 166, 0, '', '', 'good'),
(1652, 166, 1, '', '', 'good'),
(1653, 166, 2, '', '', 'good'),
(1654, 166, 3, '', '', 'good'),
(1655, 166, 4, '', '', 'good'),
(1656, 166, 5, '', '', 'good'),
(1657, 166, 6, '', '', 'good'),
(1658, 166, 7, '', '', 'good'),
(1659, 166, 8, '', '', 'good'),
(1660, 166, 9, '', '', 'good'),
(1661, 167, 0, '', '', 'good'),
(1662, 167, 1, '', '', 'good'),
(1663, 167, 2, '', '', 'good'),
(1664, 167, 3, '', '', 'good'),
(1665, 167, 4, '', '', 'good'),
(1666, 167, 5, '', '', 'good'),
(1667, 167, 6, '', '', 'good'),
(1668, 167, 7, '', '', 'good'),
(1669, 167, 8, '', '', 'good'),
(1670, 167, 9, '', '', 'good'),
(1671, 168, 0, '', '', 'good'),
(1672, 168, 1, '', '', 'good'),
(1673, 168, 2, '', '', 'good'),
(1674, 168, 3, '', '', 'good'),
(1675, 168, 4, '', '', 'good'),
(1676, 168, 5, '', '', 'good'),
(1677, 168, 6, '', '', 'good'),
(1678, 168, 7, '', '', 'good'),
(1679, 168, 8, '', '', 'good'),
(1680, 168, 9, '', '', 'good'),
(1681, 169, 0, '', '', 'good'),
(1682, 169, 1, '', '', 'good'),
(1683, 169, 2, '', '', 'good'),
(1684, 169, 3, '', '', 'good'),
(1685, 169, 4, '', '', 'good'),
(1686, 169, 5, '', '', 'good'),
(1687, 169, 6, '', '', 'good'),
(1688, 169, 7, '', '', 'good'),
(1689, 169, 8, '', '', 'good'),
(1690, 169, 9, '', '', 'good'),
(1691, 170, 0, '', '', 'good'),
(1692, 170, 1, '', '', 'good'),
(1693, 170, 2, '', '', 'good'),
(1694, 170, 3, '', '', 'good'),
(1695, 170, 4, '', '', 'good'),
(1696, 170, 5, '', '', 'good'),
(1697, 170, 6, '', '', 'good'),
(1698, 170, 7, '', '', 'good'),
(1699, 170, 8, '', '', 'good'),
(1700, 170, 9, '', '', 'good'),
(1701, 171, 0, '', '', 'good'),
(1702, 171, 1, '', '', 'good'),
(1703, 171, 2, '', '', 'good'),
(1704, 171, 3, '', '', 'good'),
(1705, 171, 4, '', '', 'good'),
(1706, 171, 5, '', '', 'good'),
(1707, 171, 6, '', '', 'good'),
(1708, 171, 7, '', '', 'good'),
(1709, 171, 8, '', '', 'good'),
(1710, 171, 9, '', '', 'good'),
(1711, 172, 0, '', '', 'good'),
(1712, 172, 1, '', '', 'good'),
(1713, 172, 2, '', '', 'good'),
(1714, 172, 3, '', '', 'good'),
(1715, 172, 4, '', '', 'good'),
(1716, 172, 5, '', '', 'good'),
(1717, 172, 6, '', '', 'good'),
(1718, 172, 7, '', '', 'good'),
(1719, 172, 8, '', '', 'good'),
(1720, 172, 9, '', '', 'good'),
(1721, 173, 0, '', '', 'good'),
(1722, 173, 1, '', '', 'good'),
(1723, 173, 2, '', '', 'good'),
(1724, 173, 3, '', '', 'good'),
(1725, 173, 4, '', '', 'good'),
(1726, 173, 5, '', '', 'good'),
(1727, 173, 6, '', '', 'good'),
(1728, 173, 7, '', '', 'good'),
(1729, 173, 8, '', '', 'good'),
(1730, 173, 9, '', '', 'good'),
(1731, 174, 0, '', '', 'good'),
(1732, 174, 1, '', '', 'good'),
(1733, 174, 2, '', '', 'good'),
(1734, 174, 3, '', '', 'good'),
(1735, 174, 4, '', '', 'good'),
(1736, 174, 5, '', '', 'good'),
(1737, 174, 6, '', '', 'good'),
(1738, 174, 7, '', '', 'good'),
(1739, 174, 8, '', '', 'good'),
(1740, 174, 9, '', '', 'good'),
(1741, 175, 0, '', '', 'good'),
(1742, 175, 1, '', '', 'good'),
(1743, 175, 2, '', '', 'good'),
(1744, 175, 3, '', '', 'good'),
(1745, 175, 4, '', '', 'good'),
(1746, 175, 5, '', '', 'good'),
(1747, 175, 6, '', '', 'good'),
(1748, 175, 7, '', '', 'good'),
(1749, 175, 8, '', '', 'good'),
(1750, 175, 9, '', '', 'good'),
(1751, 176, 0, '', '', 'good'),
(1752, 176, 1, '', '', 'good'),
(1753, 176, 2, '', '', 'good'),
(1754, 176, 3, '', '', 'good'),
(1755, 176, 4, '', '', 'good'),
(1756, 176, 5, '', '', 'good'),
(1757, 176, 6, '', '', 'good'),
(1758, 176, 7, '', '', 'good'),
(1759, 176, 8, '', '', 'good'),
(1760, 176, 9, '', '', 'good'),
(1761, 177, 0, '', '', 'good'),
(1762, 177, 1, '', '', 'good'),
(1763, 177, 2, '', '', 'good'),
(1764, 177, 3, '', '', 'good'),
(1765, 177, 4, '', '', 'good'),
(1766, 177, 5, '', '', 'good'),
(1767, 177, 6, '', '', 'good'),
(1768, 177, 7, '', '', 'good'),
(1769, 177, 8, '', '', 'good'),
(1770, 177, 9, '', '', 'good'),
(1771, 178, 0, '', '', 'good'),
(1772, 178, 1, '', '', 'good'),
(1773, 178, 2, '', '', 'good'),
(1774, 178, 3, '', '', 'good'),
(1775, 178, 4, '', '', 'good'),
(1776, 178, 5, '', '', 'good'),
(1777, 178, 6, '', '', 'good'),
(1778, 178, 7, '', '', 'good'),
(1779, 178, 8, '', '', 'good'),
(1780, 178, 9, '', '', 'good'),
(1781, 179, 0, '', '', 'good'),
(1782, 179, 1, '', '', 'good'),
(1783, 179, 2, '', '', 'good'),
(1784, 179, 3, '', '', 'good'),
(1785, 179, 4, '', '', 'good'),
(1786, 179, 5, '', '', 'good'),
(1787, 179, 6, '', '', 'good'),
(1788, 179, 7, '', '', 'good'),
(1789, 179, 8, '', '', 'good'),
(1790, 179, 9, '', '', 'good'),
(1791, 180, 0, '', '', 'good'),
(1792, 180, 1, '', '', 'good'),
(1793, 180, 2, '', '', 'good'),
(1794, 180, 3, '', '', 'good'),
(1795, 180, 4, '', '', 'good'),
(1796, 180, 5, '', '', 'good'),
(1797, 180, 6, '', '', 'good'),
(1798, 180, 7, '', '', 'good'),
(1799, 180, 8, '', '', 'good'),
(1800, 180, 9, '', '', 'good'),
(1801, 181, 0, '', '', 'good'),
(1802, 181, 1, '', '', 'good'),
(1803, 181, 2, '', '', 'good'),
(1804, 181, 3, '', '', 'good'),
(1805, 181, 4, '', '', 'good'),
(1806, 181, 5, '', '', 'good'),
(1807, 181, 6, '', '', 'good'),
(1808, 181, 7, '', '', 'good'),
(1809, 181, 8, '', '', 'good'),
(1810, 181, 9, '', '', 'good'),
(1811, 182, 0, '', '', 'good'),
(1812, 182, 1, '', '', 'good'),
(1813, 182, 2, '', '', 'good'),
(1814, 182, 3, '', '', 'good'),
(1815, 182, 4, '', '', 'good'),
(1816, 182, 5, '', '', 'good'),
(1817, 182, 6, '', '', 'good'),
(1818, 182, 7, '', '', 'good'),
(1819, 182, 8, '', '', 'good'),
(1820, 182, 9, '', '', 'good'),
(1821, 183, 0, '', '', 'good'),
(1822, 183, 1, '', '', 'good'),
(1823, 183, 2, '', '', 'good'),
(1824, 183, 3, '', '', 'good'),
(1825, 183, 4, '', '', 'good'),
(1826, 183, 5, '', '', 'good'),
(1827, 183, 6, '', '', 'good'),
(1828, 183, 7, '', '', 'good'),
(1829, 183, 8, '', '', 'good'),
(1830, 183, 9, '', '', 'good'),
(1831, 184, 0, '', '', 'good'),
(1832, 184, 1, '', '', 'good'),
(1833, 184, 2, '', '', 'good'),
(1834, 184, 3, '', '', 'good'),
(1835, 184, 4, '', '', 'good'),
(1836, 184, 5, '', '', 'good'),
(1837, 184, 6, '', '', 'good'),
(1838, 184, 7, '', '', 'good'),
(1839, 184, 8, '', '', 'good'),
(1840, 184, 9, '', '', 'good'),
(1841, 185, 0, '1111', '', 'good'),
(1842, 185, 1, '', '', 'good'),
(1843, 185, 2, '', '', 'good'),
(1844, 185, 3, '', '', 'good'),
(1845, 185, 4, '', '', 'bad'),
(1846, 185, 5, '', '', 'bad'),
(1847, 185, 6, '', '', 'bad'),
(1848, 185, 7, '', '', 'bad'),
(1849, 185, 8, '', '', 'bad'),
(1850, 185, 9, '', '', 'bad'),
(1851, 186, 0, '', '', 'good'),
(1852, 186, 1, '', '', 'good'),
(1853, 186, 2, '', '', 'good'),
(1854, 186, 3, '', '', 'good'),
(1855, 186, 4, '', '', 'good'),
(1856, 186, 5, '', '', 'good'),
(1857, 186, 6, '', '', 'good'),
(1858, 186, 7, '', '', 'good'),
(1859, 186, 8, '', '', 'good'),
(1860, 186, 9, '', '', 'good'),
(1861, 187, 0, '', '', 'good'),
(1862, 187, 1, '', '', 'good'),
(1863, 187, 2, '', '', 'good'),
(1864, 187, 3, '', '', 'good'),
(1865, 187, 4, '4331', '', 'good'),
(1866, 187, 5, '', '', 'good'),
(1867, 187, 6, '', '', 'good'),
(1868, 187, 7, '', '', 'good'),
(1869, 187, 8, '', '', 'good'),
(1870, 187, 9, '', '', 'good'),
(1871, 188, 0, '111111', '', 'good'),
(1872, 188, 1, '', '', 'good'),
(1873, 188, 2, '', '', 'good'),
(1874, 188, 3, '', '', 'good'),
(1875, 188, 4, '', '', 'good'),
(1876, 188, 5, '', '', 'good'),
(1877, 188, 6, '', '', 'good'),
(1878, 188, 7, '', '', 'good'),
(1879, 188, 8, '', '', 'good'),
(1880, 188, 9, '', '', 'good'),
(1881, 189, 0, '', '', 'good'),
(1882, 189, 1, '', '', 'good'),
(1883, 189, 2, '', '', 'good'),
(1884, 189, 3, '', '', 'good'),
(1885, 189, 4, '', '', 'good'),
(1886, 189, 5, '', '', 'good'),
(1887, 189, 6, '', '', 'good'),
(1888, 189, 7, '', '', 'good'),
(1889, 189, 8, '', '', 'good'),
(1890, 189, 9, '', '', 'good');

-- --------------------------------------------------------

--
-- Struktur dari tabel `terminal_box`
--

CREATE TABLE `terminal_box` (
  `id` int(11) NOT NULL,
  `nama_tb` varchar(100) NOT NULL COMMENT 'Nama unik dari KML',
  `latitude` varchar(30) DEFAULT NULL COMMENT 'Koordinat Latitude dari KML',
  `longitude` varchar(30) DEFAULT NULL COMMENT 'Koordinat Longitude dari KML',
  `deskripsi` text DEFAULT NULL,
  `arah_kabel` text DEFAULT NULL COMMENT 'Penjelasan singkat arah kabel',
  `foto` varchar(255) DEFAULT NULL COMMENT 'Nama file foto'
) ENGINE=InnoDB DEFAULT CHARSET=utf8mb4 COLLATE=utf8mb4_general_ci;

--
-- Dumping data untuk tabel `terminal_box`
--

INSERT INTO `terminal_box` (`id`, `nama_tb`, `latitude`, `longitude`, `deskripsi`, `arah_kabel`, `foto`) VALUES
(1, 'TB-toRK4', '1.358366217948807', '102.154117762249', 'test', 'ada', 'WhatsApp_Image_2025-10-21_at_09_34_55__1__1761202011.jpeg'),
(2, 'RK-08', '1.358366217948807', '102.154117762249', 'test1', 'test1', '1000079882_1764729369.jpg'),
(3, 'RK-3', '1.350234510963033', '102.149649267454', 'Rk ini terhubung ke beberapa TB', 'blabla bla', 'WhatsApp_Image_2025-10-21_at_09_40_19_1761203074.jpeg'),
(4, 'Terminal Center IT', '1.350100367596284', '102.1539704191446', 'ini ada nomo 1234', '1 ke mana\r\n3 kemana 6', 'c_surya_1763956671.jpg'),
(5, 'TB to rk-4', '1.353628378893326', '102.1519867946986', 'ini data d masukkan', 'kesana', NULL),
(6, 'RK- Sanggar', '1.352293832607643', '102.1476576085196', 'sadsada', '', NULL),
(7, 'RK-Delima', '1.356988144631216', '102.1525479043522', 'Data tidak ditemukan di database.asdsa', '', NULL),
(8, 'TB-Pos Gerbang', '1.35960449207134', '102.154068333742', 'iniTB pos gerbanf', 'RK-08', 'WhatsApp_Image_2025-10-21_at_09_34_55__1__1764728658.jpeg');

--
-- Indexes for dumped tables
--

--
-- Indeks untuk tabel `riwayat_perbaikan`
--
ALTER TABLE `riwayat_perbaikan`
  ADD PRIMARY KEY (`id`),
  ADD KEY `fk_riwayat_ke_tb` (`id_tb`);

--
-- Indeks untuk tabel `tb_modules`
--
ALTER TABLE `tb_modules`
  ADD PRIMARY KEY (`id`),
  ADD KEY `id_tb` (`id_tb`);

--
-- Indeks untuk tabel `tb_module_pairs`
--
ALTER TABLE `tb_module_pairs`
  ADD PRIMARY KEY (`id`),
  ADD KEY `id_modul` (`id_modul`);

--
-- Indeks untuk tabel `terminal_box`
--
ALTER TABLE `terminal_box`
  ADD PRIMARY KEY (`id`),
  ADD UNIQUE KEY `nama_tb_unique` (`nama_tb`);

--
-- AUTO_INCREMENT untuk tabel yang dibuang
--

--
-- AUTO_INCREMENT untuk tabel `riwayat_perbaikan`
--
ALTER TABLE `riwayat_perbaikan`
  MODIFY `id` int(11) NOT NULL AUTO_INCREMENT, AUTO_INCREMENT=6;

--
-- AUTO_INCREMENT untuk tabel `tb_modules`
--
ALTER TABLE `tb_modules`
  MODIFY `id` int(11) NOT NULL AUTO_INCREMENT, AUTO_INCREMENT=190;

--
-- AUTO_INCREMENT untuk tabel `tb_module_pairs`
--
ALTER TABLE `tb_module_pairs`
  MODIFY `id` int(11) NOT NULL AUTO_INCREMENT, AUTO_INCREMENT=1891;

--
-- AUTO_INCREMENT untuk tabel `terminal_box`
--
ALTER TABLE `terminal_box`
  MODIFY `id` int(11) NOT NULL AUTO_INCREMENT, AUTO_INCREMENT=9;

--
-- Ketidakleluasaan untuk tabel pelimpahan (Dumped Tables)
--

--
-- Ketidakleluasaan untuk tabel `riwayat_perbaikan`
--
ALTER TABLE `riwayat_perbaikan`
  ADD CONSTRAINT `fk_riwayat_ke_tb` FOREIGN KEY (`id_tb`) REFERENCES `terminal_box` (`id`) ON DELETE CASCADE ON UPDATE CASCADE;

--
-- Ketidakleluasaan untuk tabel `tb_modules`
--
ALTER TABLE `tb_modules`
  ADD CONSTRAINT `tb_modules_ibfk_1` FOREIGN KEY (`id_tb`) REFERENCES `terminal_box` (`id`) ON DELETE CASCADE;

--
-- Ketidakleluasaan untuk tabel `tb_module_pairs`
--
ALTER TABLE `tb_module_pairs`
  ADD CONSTRAINT `tb_module_pairs_ibfk_1` FOREIGN KEY (`id_modul`) REFERENCES `tb_modules` (`id`) ON DELETE CASCADE;
COMMIT;

/*!40101 SET CHARACTER_SET_CLIENT=@OLD_CHARACTER_SET_CLIENT */;
/*!40101 SET CHARACTER_SET_RESULTS=@OLD_CHARACTER_SET_RESULTS */;
/*!40101 SET COLLATION_CONNECTION=@OLD_COLLATION_CONNECTION */;
